,DEPTH,GR,Rt,RHOB,NPHI,Porosity_Density,Vshale,Porosity_Gaymard,Effective_Porosity,Formation_Factor,Rt_Ashale,Ro,Ish,Sw
0,2106.0,55.315,41.993,2729.732,0.19442,0.0,0.40138554216867467,0.13747570039828858,0.08229494185890322,115.02467869250523,446.16135238798523,115.02467869250523,3.8788315469300776,0.4899563729572296
1,2106.125,46.849,47.918,2684.776,0.20444000000000004,0.014750877192982549,0.29938554216867463,0.14493671373734549,0.10154475711494432,77.15263092872577,241.93039321663736,77.15263092872577,3.1357374376530935,0.5479848901523963
2,2106.25,39.44,55.298,2546.362,0.21201,0.09569473684210522,0.21012048192771082,0.16447754065415707,0.12991744054562093,48.309421110889225,167.06877500193843,48.309421110889225,3.4583062922333414,0.5204603570674813
3,2106.375,33.743,64.67399999999999,2401.5860000000002,0.1959,0.18035906432748525,0.1414819277108434,0.1882899387714144,0.16165031526547802,31.893673479007827,138.863667560655,31.893673479007827,4.353956519058678,0.4610470176149164
4,2106.5,29.155,75.555,2340.779,0.15539000000000003,0.2159187134502924,0.08620481927710845,0.18810494799184507,0.17188939494507818,28.380937844607875,122.61273782169383,28.380937844607875,4.3202496863573225,0.46293675095377085
5,2106.625,24.709,86.679,2329.195,0.11395,0.22269298245614025,0.03263855421686747,0.17688522682125093,0.17111194875548263,28.626441097853075,104.36658637195843,28.626441097853075,3.6458107389320467,0.5061962043082167
6,2106.75,21.122,96.565,2357.771,0.08736000000000001,0.20598187134502913,0.0,0.15820919840957437,0.15820919840957437,33.224596305379315,96.565,33.224596305379315,2.9064311003943,0.5703301081416868
7,2106.875,19.583,103.814,2399.779,0.07658,0.18141578947368422,0.0,0.13924113090312093,0.13924113090312093,42.3488547738793,103.814,42.3488547738793,2.4514004110456438,0.6237996534736789
8,2107.0,20.137,107.137,2431.416,0.07422999999999999,0.16291461988304085,0.0,0.12659238972314982,0.12659238972314982,50.74877498050781,107.137,50.74877498050781,2.1111248506225113,0.6748437049406006
9,2107.125,21.704,107.994,2445.244,0.07254,0.1548280701754385,0.0,0.12090033687763345,0.12090033687763345,55.38443493385762,107.994,55.38443493385762,1.9498980197048303,0.7036588574924537
10,2107.25,22.893,107.93700000000001,2459.726,0.06948,0.14635906432748533,0.010759036144578321,0.11456100145952153,0.11332843550405945,62.626206050913986,115.83699228443363,62.626206050913986,1.8496568703245448,0.7234786175182709
11,2107.375,23.34,107.836,2467.8920000000003,0.06608,0.14158362573099398,0.01614457831325301,0.1104818751541043,0.10869819186848383,67.79186661786734,120.05623038957488,67.79186661786734,1.7709533072206725,0.7402265849200267
12,2107.5,23.070999999999998,108.29899999999999,2470.708,0.06333,0.1399368421052631,0.012903614457831301,0.1086117136371426,0.10721022995876453,69.59069401636579,117.95663261514396,69.59069401636579,1.6950058378122204,0.7575016442049229
13,2107.625,22.926,109.62700000000001,2473.632,0.06263999999999999,0.13822690058479528,0.011156626506024076,0.1073090062512902,0.10611179974781194,70.96578429655318,118.0851736233536,70.96578429655318,1.6639733470695823,0.7649044296528063
14,2107.75,23.225,111.413,2479.2870000000003,0.06467,0.13491988304093552,0.01475903614457833,0.10579599174774941,0.10423454488159287,73.41381929525002,123.21216820709384,73.41381929525002,1.6783239094477385,0.7614551450308148
15,2107.875,23.586,113.429,2484.154,0.06849,0.13207368421052632,0.019108433734939742,0.10520061349854816,0.10319039454663614,74.83166034655355,129.69393314563968,74.83166034655355,1.7331425301137644,0.7486826131956964
16,2108.0,23.084,116.236,2479.553,0.07312,0.1347643274853802,0.013060240963855418,0.10841576998432194,0.10699983390404477,69.85091561762582,127.44790178226958,69.85091561762582,1.8245702387057907,0.7286971310441438
17,2108.125,21.599,120.445,2457.393,0.07792,0.14772339181286548,0.0,0.11809683926485369,0.11809683926485369,57.90916178906026,120.445,57.90916178906026,2.079895413418909,0.6801578868060327
18,2108.25,19.767,126.53200000000001,2425.0,0.08173,0.16666666666666666,0.0,0.1312584676845227,0.1312584676845227,47.37596541792414,126.53200000000001,47.37596541792414,2.6708057320585623,0.5962816179945409
19,2108.375,18.852999999999998,134.368,2394.366,0.08405,0.18458128654970762,0.0,0.14341313371575365,0.14341313371575365,40.038798934877796,134.368,40.038798934877796,3.355944822884086,0.5287560654220596
20,2108.5,19.047,143.158,2376.988,0.08583,0.1947438596491229,0.0,0.1504858129044683,0.1504858129044683,36.5391498625416,143.158,36.5391498625416,3.9179346136555724,0.48737656204252633
21,2108.625,19.407,151.532,2372.8179999999998,0.08654,0.19718245614035101,0.0,0.1522663662952877,0.1522663662952877,35.73159729965753,151.532,35.73159729965753,4.240840361241068,0.46747904157633424
22,2108.75,19.671,157.094,2379.285,0.08551,0.1934005847953217,0.0,0.14952549330995774,0.14952549330995774,36.98631265887264,157.094,36.98631265887264,4.247354999912778,0.4671015231339904
23,2108.875,20.442,157.828,2389.491,0.08412000000000001,0.18743216374269006,0.0,0.14527042094877157,0.14527042094877157,39.07179193184067,157.828,39.07179193184067,4.03943592541968,0.479605140903018
24,2109.0,21.653000000000002,154.047,2399.114,0.08478,0.18180467836257308,0.0,0.14184602474958305,0.14184602474958305,40.883435076046915,154.047,40.883435076046915,3.7679563792391355,0.49749232612602423
25,2109.125,23.022,146.877,2400.4770000000003,0.08927,0.1810076023391811,0.012313253012048175,0.1427110454810333,0.14095380827041143,41.37652876726064,163.49213137516776,41.37652876726064,3.9513254554241786,0.4852045232781911
26,2109.25,24.254,137.657,2393.824,0.0965,0.18489824561403503,0.02715662650602411,0.14747815301112913,0.1434731438920076,40.00698574793014,174.02811628206157,40.00698574793014,4.349943216880951,0.4612708459285563
27,2109.375,24.875999999999998,127.62799999999999,2383.0820000000003,0.10077,0.19118011695906414,0.03465060240963853,0.15281431546239613,0.14751920737480756,37.947897298814404,169.74247154645107,37.947897298814404,4.473040237508872,0.45454561355011625
28,2109.5,24.863000000000003,117.353,2385.242,0.09471,0.18991695906432737,0.03449397590361449,0.15006404539436055,0.14488773982852857,39.26810000430916,152.38888407085008,39.26810000430916,3.880729754027503,0.4898302238085836
29,2109.625,24.519000000000002,107.344,2403.284,0.08213,0.17936608187134498,0.030349397590361468,0.13949467413825883,0.1352610948110989,44.74777989545262,132.24542008616118,44.74777989545262,2.955351536883739,0.5653416408998801
30,2109.75,24.199,97.92399999999999,2434.874,0.07047,0.16089239766081884,0.026493975903614478,0.12420222325918136,0.12091161254897727,55.374622030988085,115.58231839398051,55.374622030988085,2.08727959044668,0.6788904042908444
31,2109.875,24.766,89.01,2466.252,0.06414,0.14254269005847955,0.03332530120481925,0.11052682499987902,0.10684348526554571,70.04525357705012,108.11328659751696,70.04525357705012,1.5434776958668843,0.7957731566048825
32,2110.0,27.276999999999997,80.943,2488.667,0.06337000000000001,0.12943450292397665,0.06357831325301201,0.1019044833340931,0.09542556817079179,86.82343553736156,116.38602205862743,86.82343553736156,1.3404908633055024,0.8570753841084442
33,2110.125,32.084,74.00399999999999,2500.6910000000003,0.06806,0.12240292397660804,0.12149397590361449,0.09903191252829385,0.08700013173389247,103.4932846174712,153.03619534508238,103.4932846174712,1.4787065258459058,0.813932568480556
34,2110.25,37.676,68.291,2512.3289999999997,0.07512,0.11559707602339198,0.1888674698795181,0.09748255840189532,0.07907127423914699,124.09789036977219,237.09250472935253,124.09789036977219,1.9105280841027383,0.7112536573548611
35,2110.375,41.458,63.595,2522.619,0.08157,0.10957953216374261,0.23443373493975903,0.0965953900795082,0.07395017200520614,140.9339232828213,326.3256128474331,140.9339232828213,2.3154511365767787,0.6428157595388034
36,2110.5,42.297,59.74,2528.965,0.08334,0.1058684210526315,0.24454216867469877,0.09527244663641547,0.07197431592100192,148.37565971089091,293.36720190275787,148.37565971089091,1.977192232704354,0.6985295642818062
37,2110.625,40.889,56.823,2529.407,0.08007999999999998,0.10560994152046775,0.2275783132530121,0.09371837105913818,0.07239010225267961,146.76062035640555,208.15346570839216,146.76062035640555,1.4183196091900891,0.8319915028895963
38,2110.75,39.141999999999996,54.968,2524.2870000000003,0.07579,0.10860409356725131,0.20653012048192765,0.09364553710552435,0.07430491304452558,139.65828109285215,160.22169019587142,139.65828109285215,1.1472408864129413,0.9302567575213803
39,2110.875,39.104,54.077,2519.067,0.0745,0.11165672514619883,0.2060722891566265,0.0949143673802175,0.07535514642032304,135.9832622503342,153.81999631831718,135.9832622503342,1.131168599523278,0.9371901497056915
40,2111.0,40.495,54.051,2519.611,0.07618,0.11133859649122814,0.22283132530120478,0.09539306963463466,0.07413650550339891,140.2616645495784,174.8387286444006,140.2616645495784,1.2465182785749715,0.8904966475487818
41,2111.125,41.628,54.755,2521.68,0.07908,0.11012865497076033,0.23648192771084336,0.09586961730827127,0.07319818539831044,143.69756258761808,203.40289630466006,143.69756258761808,1.415493016317777,0.832865511219812
42,2111.25,41.382,56.005,2519.511,0.08067,0.11139707602339183,0.2335180722891566,0.09725471054545723,0.07454397801784216,138.80852086595104,211.12251643856143,138.80852086595104,1.520962222790666,0.8019516700819956
43,2111.375,40.457,57.54600000000001,2512.66,0.08141,0.11540350877192991,0.2223734939759036,0.09986380209283267,0.07765673949973131,128.42796785502557,205.46738121599148,128.42796785502557,1.599864769704454,0.7808862036971234
44,2111.5,39.715,59.086999999999996,2502.978,0.08208,0.12106549707602335,0.2134337349397591,0.10342625629467746,0.08135160412286768,117.57212567394387,203.3341405665208,117.57212567394387,1.7294417312009471,0.7495253923191474
45,2111.625,39.328,60.402,2492.672,0.08271,0.1270923976608187,0.20877108433734942,0.10722271597748231,0.08483771329726769,108.5627878278264,206.60743827042654,108.5627878278264,1.9031147081271775,0.7127105309631312
46,2111.75,38.058,61.431000000000004,2487.742,0.08327999999999999,0.1299754385964911,0.1934698795180723,0.10915395787224169,0.08803595479377836,101.19192330395657,187.72021515140065,101.19192330395657,1.855090890876079,0.7223624488882996
47,2111.875,35.455999999999996,61.926,2487.22,0.08378000000000001,0.13028070175438608,0.1621204819277108,0.10952659414410569,0.0917700899175625,93.51209810680987,148.40178721871746,93.51209810680987,1.586979548349053,0.784216800576499
48,2112.0,32.31,61.762,2490.6710000000003,0.08312999999999998,0.12826257309941505,0.12421686746987955,0.10807840801492864,0.09465324673018267,88.17440154028023,114.40842146826013,88.17440154028023,1.297524218704173,0.8718977172266399
49,2112.125,30.983,61.117,2494.979,0.08177999999999999,0.12574327485380127,0.10822891566265061,0.10606446052038027,0.0945852189679155,88.29493276421695,102.40193143342937,88.29493276421695,1.1597713280657203,0.9249533004044084
50,2112.25,33.094,60.211000000000006,2500.797,0.08212,0.12234093567251461,0.13366265060240964,0.10418972823946311,0.09026345299743174,96.4999987575394,116.29922676512062,96.4999987575394,1.2051733498704769,0.9064468793616882
51,2112.375,37.816,59.099,2506.722,0.08618,0.11887602339181275,0.1905542168674699,0.10382317019204049,0.08403922730339818,110.53100116428281,167.10468901063985,110.53100116428281,1.5118354782860535,0.8044960760247307
52,2112.5,42.445,57.748000000000005,2515.435,0.09504,0.113780701754386,0.24632530120481927,0.10482998066326384,0.07900770410109,124.28767407712041,265.34779884794864,124.28767407712041,2.1349486247791596,0.6708697280257954
53,2112.625,44.725,56.053999999999995,2521.121,0.10564,0.1104555555555555,0.2737951807228916,0.1080746023658806,0.07848429707955967,125.86724641867423,331.79805299917024,125.86724641867423,2.636095270532137,0.6004011636561853
54,2112.75,44.062,54.023,2520.924,0.11177,0.11057076023391814,0.2658072289156626,0.11117199719062938,0.08162167668436836,116.83407579101028,260.91358227161976,116.83407579101028,2.2331976395168747,0.6551701859004779
55,2112.875,41.95399999999999,51.756,2511.8720000000003,0.10899,0.11586432748537995,0.2404096385542168,0.11247969257523638,0.08543849033853437,107.11695651431182,180.31888612570248,107.11695651431182,1.6833832102166775,0.7602498101755885
56,2113.0,40.124,49.522,2497.9629999999997,0.10142000000000001,0.12399824561403525,0.21836144578313255,0.11327308002203924,0.08853860650011829,100.10318678763515,137.93718623876646,100.10318678763515,1.377950000047397,0.8447325556210624
57,2113.125,39.754,47.63,2489.449,0.09516,0.1289771929824561,0.2139036144578313,0.11333697964396643,0.08909379004638837,98.92131364407985,123.50580797868368,98.92131364407985,1.248525756775321,0.8897427757384478
58,2113.25,41.053000000000004,46.24100000000001,2490.86,0.09369999999999999,0.12815204678362566,0.22955421686746993,0.1122555947265716,0.08648684959012137,104.663403340331,127.90053591329314,104.663403340331,1.222017742891492,0.8998491913729995
59,2113.375,43.605,45.216,2501.1220000000003,0.09713,0.12215087719298229,0.26030120481927704,0.11035187741723074,0.08162715077145641,116.81918948004407,148.54421463918263,116.81918948004407,1.2715737482886582,0.8812180677956665
60,2113.5,46.198,44.28,2515.775,0.10241,0.11358187134502919,0.2915421686746988,0.10814030145657715,0.07661284344879095,131.77317058386873,176.29742088803454,131.77317058386873,1.3378855506540899,0.8579534076289296
61,2113.625,47.831,43.172,2530.955,0.10558,0.10470467836257315,0.31121686746987953,0.10514325007105757,0.07242089714834085,146.64207218346132,190.97277930061662,146.64207218346132,1.3023055147617795,0.8702114637727327
62,2113.75,47.798,41.771,2540.49,0.10495999999999998,0.09912865497076036,0.31081927710843377,0.10208597317044112,0.07035568478669366,154.9285764804789,172.75659313232694,154.9285764804789,1.1150724873154332,0.9442861750078352
63,2113.875,46.257,40.165,2543.7110000000002,0.10213,0.09724502923976594,0.29225301204819276,0.09971743230710198,0.07057471236163966,154.0162972224896,137.38285466615847,154.0162972224896,0.8920020617538758,1.0
64,2114.0,44.848,38.59,2537.353,0.10015,0.10096315789473681,0.27527710843373493,0.10055740090136965,0.07287625034962877,144.90606520302347,113.57069077191068,144.90606520302347,0.7837538795411375,1.0
65,2114.125,44.283,37.31,2528.655,0.10167,0.10604970760233906,0.26846987951807233,0.1038829374405191,0.0759934977418795,133.82115534994193,102.17509431363845,133.82115534994193,0.7635197442919311,1.0
66,2114.25,44.648,36.497,2518.35,0.10668,0.11207602339181291,0.2728674698795181,0.10941128236914645,0.07955650257280393,122.66374025542775,99.9746463648721,122.66374025542775,0.8150301479205736,1.0
67,2114.375,45.591,36.2,2511.799,0.11259000000000001,0.11590701754385967,0.2842289156626506,0.11426054615638899,0.0817843950193363,116.39281012028374,104.16080838528117,116.39281012028374,0.8949075830168405,1.0
68,2114.5,46.332,36.36,2507.292,0.11692,0.11854269005847957,0.2931566265060241,0.11773414068633778,0.08321959717814535,112.60854378996525,110.14009349650334,112.60854378996525,0.9780793693765722,1.0
69,2114.625,45.91,36.876999999999995,2505.018,0.11665999999999999,0.11987251461988302,0.28807228915662647,0.11827716466269825,0.08420479108335951,110.118446235747,110.48338322936961,110.118446235747,1.0033140405272458,0.9982601672681238
70,2114.75,44.691,37.643,2499.855,0.11135999999999999,0.12289181286549707,0.2733855421686747,0.11726774336826037,0.0852084377686315,107.66710964479896,106.7180821094528,107.66710964479896,0.9911855390334424,1.0
71,2114.875,42.54600000000001,38.545,2494.904,0.10354000000000001,0.12578713450292398,0.2475421686746989,0.1152018550337986,0.08668453800338381,104.21035757660076,97.95960239541643,104.21035757660076,0.9400179087132519,1.0
72,2115.0,39.885,39.493,2488.422,0.09529,0.12957777777777776,0.21548192771084335,0.11373342647134825,0.08922592849014267,98.64315532538241,87.62503195770027,98.64315532538241,0.8883032144365418,1.0
73,2115.125,37.433,40.400999999999996,2484.077,0.08845,0.13211871345029227,0.18593975903614457,0.11242499042419447,0.0915207147950789,93.99681400468712,79.48368061115715,93.99681400468712,0.8455997307227213,1.0
74,2115.25,35.742,41.191,2481.458,0.08421,0.13365029239766077,0.16556626506024094,0.11169987636067512,0.09320614502394743,90.79362636164346,74.90655014753294,90.79362636164346,0.8250199176886038,1.0
75,2115.375,34.896,41.754,2483.396,0.08206,0.13251695906432737,0.15537349397590364,0.1102147631664121,0.09309031032551993,91.00840261461597,73.16890237245516,91.00840261461597,0.8039796356199775,1.0
76,2115.5,35.488,41.949,2489.371,0.08221,0.12902280701754382,0.16250602409638554,0.10817894626655954,0.09059921581784441,95.82163271105293,75.98966288545209,95.82163271105293,0.7930324367838366,1.0
77,2115.625,38.077,41.662,2496.044,0.08552,0.12512046783625738,0.19369879518072286,0.1071652972551374,0.08640750829163327,104.84607689656998,86.6219508582609,104.84607689656998,0.8261820892327038,1.0
78,2115.75,42.24,40.882,2504.708,0.09292,0.1200538011695906,0.243855421686747,0.1073476631680159,0.0811703534990925,118.07144248282344,107.80177968197724,118.07144248282344,0.9130216199201582,1.0
79,2115.875,47.16,39.592,2512.786,0.10562,0.11532982456140348,0.3031325301204819,0.11058153741326829,0.07706067619257154,130.3219742442765,142.06443916758292,130.3219742442765,1.090103491689715,0.955608802861608
80,2116.0,52.224,37.924,2514.3520000000003,0.12289000000000001,0.11441403508771911,0.364144578313253,0.11872767900757983,0.07549363840125341,135.50968084797466,192.70030680547657,135.50968084797466,1.4220408874083528,0.8308448953900094
81,2116.125,55.593,36.147,2509.821,0.14135,0.11706374269005854,0.4047349397590362,0.12977623502129393,0.077251258357796,129.71178366577726,226.1589849380109,129.71178366577726,1.7435500349046542,0.746327175051897
82,2116.25,57.022,34.521,2503.356,0.15593,0.12084444444444431,0.4219518072289156,0.1394947035788212,0.0806346613048757,119.56625988406311,219.80903184952797,119.56625988406311,1.838386782882268,0.7258095696854259
83,2116.375,57.472,33.245,2502.905,0.16159,0.1211081871345028,0.42737349397590363,0.14279096801094557,0.08176589310390628,116.44285601766705,200.47430554973155,116.44285601766705,1.721653971792954,0.7513079143832231
84,2116.5,57.07899999999999,32.498000000000005,2512.3779999999997,0.158,0.11556842105263175,0.4226385542168674,0.1384197600499986,0.0799182327874215,121.61099545527313,179.68481590787337,121.61099545527313,1.47753757984786,0.8142714199598688
85,2116.625,55.703,32.379,2526.317,0.14872,0.10741695906432748,0.40606024096385546,0.12972286131331556,0.07704756498990985,130.36411362212263,159.11918802966548,130.36411362212263,1.2205750770560462,0.9004088147624899
86,2116.75,54.422,32.811,2534.4629999999997,0.13864,0.10265321637426916,0.3906265060240964,0.12198100760360715,0.07433199280211136,139.56162748159576,149.9169516513139,139.56162748159576,1.074198935313245,0.9630295697768654
87,2116.875,52.455,33.59,2532.8579999999997,0.12843,0.10359181286549723,0.3669277108433735,0.11667375153126815,0.07386291896639138,141.25040893673702,138.2655775956104,141.25040893673702,0.9788685118606386,1.0
88,2117.0,49.257,34.496,2521.841,0.11750999999999999,0.11003450292397667,0.3283975903614458,0.1138336328457601,0.07645094211712296,132.30388614280645,118.4642792801552,132.30388614280645,0.8953953110061104,1.0
89,2117.125,45.248999999999995,35.408,2509.234,0.10540999999999999,0.1174070175438597,0.2801084337349397,0.11156987915325574,0.08031821505164076,120.46289833332648,97.57106258302635,120.46289833332648,0.8099677488502945,1.0
90,2117.25,41.153,36.273,2498.6479999999997,0.09459,0.12359766081871364,0.2307590361445783,0.11005373655596111,0.08465784238419818,109.00146328335126,81.09300560931507,109.00146328335126,0.7439625411129789,1.0
91,2117.375,37.991,37.163000000000004,2490.073,0.08755,0.12861228070175446,0.19266265060240964,0.1100139110460738,0.08881833934079951,99.5050144899163,71.69981868759977,99.5050144899163,0.7205648786158986,1.0
92,2117.5,36.809,38.158,2486.453,0.08533999999999999,0.1307292397660819,0.1784216867469879,0.11039259424847693,0.09069616137828784,95.62712033887985,70.41465548132834,95.62712033887985,0.7363460829082324,1.0
93,2117.625,37.088,39.274,2486.516,0.087,0.13069239766081867,0.1817831325301205,0.11101689692639936,0.09083589763934498,95.3478109564998,74.64553057593251,95.3478109564998,0.7828761859041293,1.0
94,2117.75,37.234,40.351,2488.419,0.09022999999999999,0.12957953216374277,0.18354216867469883,0.11165193248612951,0.09115909466090423,94.70654505280636,78.48571963669448,94.70654505280636,0.8287254021665822,1.0
95,2117.875,36.382,41.128,2487.1220000000003,0.09158,0.13033801169590625,0.17327710843373492,0.11263856731342554,0.09312088207123656,90.9516423928132,77.28805288721267,90.9516423928132,0.8497708326520534,1.0
96,2118.0,35.339,41.364,2482.5,0.09071,0.13304093567251463,0.16071084337349395,0.11385999004175737,0.09556145501564892,86.58900875604972,73.82152082498551,86.58900875604972,0.8525507092125918,1.0
97,2118.125,35.27,41.071000000000005,2475.138,0.08997999999999999,0.1373461988304094,0.1598795180722892,0.11610421769505695,0.0975415313238111,83.27982773661633,72.78328704019319,83.27982773661633,0.8739605858741704,1.0
98,2118.25,36.77,40.405,2470.101,0.08994999999999999,0.14029181286549702,0.1779518072289157,0.11784056020124742,0.0968706195485676,84.37913191168961,76.74030809844542,84.37913191168961,0.9094702251590013,1.0
99,2118.375,39.196999999999996,39.571999999999996,2470.469,0.09093,0.14007660818713447,0.20719277108433728,0.11808835899700695,0.09362130466361505,90.03017430499136,84.59267808395101,90.03017430499136,0.9396036244179649,1.0
100,2118.5,41.176,38.701,2477.451,0.0929,0.13599356725146197,0.23103614457831328,0.11645741782681322,0.08955154500456056,97.96278929748378,91.02136641550018,97.96278929748378,0.9291422495034868,1.0
101,2118.625,41.825,37.848,2485.8070000000002,0.09434,0.1311070175438595,0.23885542168674703,0.1142127086826284,0.08693238398825359,103.64658078699333,90.74091275744978,103.64658078699333,0.8754838998879634,1.0
102,2118.75,41.456,37.008,2493.678,0.09455,0.12650409356725154,0.2344096385542169,0.11167584382773191,0.0854979496408361,106.97546187147869,85.36742205424906,106.97546187147869,0.7980093804765271,1.0
103,2118.875,41.155,36.184,2499.02,0.09416000000000001,0.12338011695906434,0.2307831325301205,0.10974688802155713,0.08441915741850982,109.58776631391628,80.76000438175969,109.58776631391628,0.7369436123957586,1.0
104,2119.0,42.729,35.317,2501.506,0.09317,0.12192631578947377,0.24974698795180722,0.10850501228513473,0.08140621228924849,117.42232047137028,84.21248093178892,117.42232047137028,0.7171760921921269,1.0
105,2119.125,46.492,34.371,2501.998,0.09171,0.12163859649122805,0.29508433734939754,0.10771878261555827,0.07593265702736246,134.02495368980527,98.92620155346616,134.02495368980527,0.7381177820245803,1.0
106,2119.25,51.538999999999994,33.417,2502.799,0.09205999999999999,0.1211701754385965,0.3558915662650602,0.1076040310950762,0.0693086639322153,159.40564565237023,127.98795702060768,159.40564565237023,0.8029073029177534,1.0
107,2119.375,56.476000000000006,32.532,2506.969,0.09585,0.1187315789473684,0.4153734939759037,0.10789905082839046,0.06308064508911829,190.6326831864989,171.55907943170368,190.6326831864989,0.8999457835037908,1.0
108,2119.5,59.313,31.736,2520.277,0.10218999999999999,0.11094912280701752,0.44955421686746994,0.10665951423020512,0.058710279838980486,218.49581054951082,201.13593976858903,218.49581054951082,0.9205482670937158,1.0
109,2119.625,58.871,31.052,2539.3289999999997,0.10853,0.09980760233918144,0.4442289156626506,0.10426005559344427,0.057944724150240844,224.01318999514152,180.06345991361715,224.01318999514152,0.8038074004371012,1.0
110,2119.75,56.457,30.489,2552.3520000000003,0.11155999999999999,0.0921918128654969,0.415144578313253,0.10233514537886483,0.059851264603930546,210.64961558539167,141.9944654911056,210.64961558539167,0.674078920564395,1.0
111,2119.875,53.28,30.026,2552.343,0.10936,0.0921970760233919,0.3768674698795181,0.10114324106746606,0.06302564371095597,190.94889475571972,110.97326606939978,190.94889475571972,0.5811673652857091,1.0
112,2120.0,50.724,29.644000000000002,2540.136,0.10456,0.0993356725146199,0.34607228915662647,0.10198129591727056,0.06668839538802142,171.51594129317766,93.07478496789892,171.51594129317766,0.5426596750491153,1.0
113,2120.125,50.049,29.33,2526.22,0.10002000000000001,0.10747368421052643,0.3379397590361446,0.1038137591983451,0.06873096243022002,161.96097848806875,87.82733616614382,161.96097848806875,0.5422746700225316,1.0
114,2120.25,51.302,29.068,2520.268,0.09745,0.11095438596491226,0.3530361445783132,0.10442073133446902,0.06755643893010022,167.35287490778387,92.27791987338156,167.35287490778387,0.5513972790980094,1.0
115,2120.375,54.318000000000005,28.842,2520.996,0.09942999999999999,0.11052865497076018,0.38937349397590365,0.1051258970702399,0.06419265922064937,184.40716989203747,107.71978793300661,184.40716989203747,0.5841409962317189,1.0
116,2120.5,57.87,28.611,2522.221,0.10668,0.10981228070175439,0.43216867469879516,0.10825746947190502,0.06147198236398655,200.2226867024809,131.98422112365168,200.2226867024809,0.6591871445605585,1.0
117,2120.625,60.005,28.363000000000003,2522.173,0.11707000000000001,0.10984035087719311,0.4578915662650603,0.11351274725955869,0.06153621762582944,199.82576437754616,149.21181451133572,199.82576437754616,0.746709589607366,1.0
118,2120.75,59.648,28.08,2519.445,0.12868000000000002,0.11143567251461979,0.4535903614457832,0.12036704596521756,0.06576971407969333,176.09648516889257,141.50825704914237,176.09648516889257,0.8035836542303673,1.0
119,2120.875,58.111999999999995,27.72,2518.873,0.13860999999999998,0.11177017543859646,0.43508433734939755,0.12590731554912651,0.0711270145959933,151.75195580677246,123.60855285383634,151.75195580677246,0.8145433921868431,1.0
120,2121.0,56.036,27.287,2520.431,0.14572000000000002,0.11085906432748535,0.4100722891566265,0.12946824039810986,0.07637690268497652,132.54767656674426,105.0010062640458,132.54767656674426,0.7921753815969202,1.0
121,2121.125,54.766999999999996,26.833000000000002,2521.104,0.14970999999999998,0.1104654970760235,0.39478313253012043,0.13155932149462643,0.0796219204414406,122.47232658841307,94.26425113290787,122.47232658841307,0.7696779652900468,1.0
122,2121.25,53.937,26.391,2522.286,0.14624,0.10977426900584791,0.3847831325301205,0.12929912554957257,0.0795470029872027,122.69157415018269,87.14321515237462,122.69157415018269,0.7102624263806862,1.0
123,2121.375,52.941,25.976,2523.98,0.13473,0.10878362573099414,0.3727831325301205,0.12244600876954097,0.07680020205462088,131.1630512180682,80.2876167770942,131.1630512180682,0.6121206851433346,1.0
124,2121.5,52.424,25.643,2525.0879999999997,0.12201,0.10813567251462004,0.36655421686746986,0.11528175000881352,0.07302473841522145,144.3467403668488,76.37743475058997,144.3467403668488,0.5291247627516991,1.0
125,2121.625,53.532,25.444000000000003,2529.262,0.11474000000000001,0.10569473684210516,0.3799036144578313,0.11031011965391449,0.06840290648611652,163.4399965272854,79.41434720078686,163.4399965272854,0.48589298144979515,1.0
126,2121.75,55.352,25.410999999999998,2538.516,0.11414999999999999,0.10028304093567247,0.4018313253012048,0.10744047375013235,0.06426752579212737,183.9992263745389,86.79344157204389,183.9992263745389,0.4717054700837266,1.0
127,2121.875,57.218999999999994,25.524,2551.4539999999997,0.11695,0.09271695906432764,0.4243253012048192,0.10553136263248052,0.060751735396898224,204.75687482211032,96.70633824408814,204.75687482211032,0.4722983700943138,1.0
128,2122.0,58.455,25.781,2566.99,0.11765,0.08363157894736854,0.4392168674698795,0.10206802510392257,0.05723802684894067,229.29741427943745,105.97117297066622,229.29741427943745,0.4621559876882106,1.0
129,2122.125,58.951,26.199,2575.694,0.11470999999999998,0.07854152046783629,0.44519277108433736,0.09830349570945975,0.0545394900472881,251.33267957733676,113.29071985139988,251.33267957733676,0.4507600047949179,1.0
130,2122.25,58.376999999999995,26.765,2570.635,0.11065,0.08149999999999988,0.4382771084337349,0.09717425713634238,0.054585004704430014,250.93464803159208,115.23785774411121,250.93464803159208,0.4592345403397742,1.0
131,2122.375,55.967,27.405,2550.159,0.10679,0.09347426900584789,0.4092409638554217,0.10035323379487483,0.059284579670651774,214.49179535494687,105.61362606684256,214.49179535494687,0.4923900510603226,1.0
132,2122.5,51.707,28.052,2524.923,0.10275000000000001,0.1082321637426902,0.35791566265060243,0.1055266880187768,0.06775703354921292,166.4127779383889,87.73104850927983,166.4127779383889,0.5271893756966219,1.0
133,2122.625,47.071000000000005,28.655,2501.208,0.09820000000000001,0.12210058479532158,0.3020602409638555,0.11079664437012413,0.07732938327369783,129.46290907781918,72.3816528084708,129.46290907781918,0.5590918149766181,1.0
134,2122.75,43.431000000000004,29.176,2487.341,0.09345,0.1302099415204679,0.2582048192771085,0.11333033876849496,0.08406789912816225,110.4593874523891,63.099097749567164,110.4593874523891,0.5712425100742528,1.0
135,2122.875,42.335,29.585,2485.0170000000003,0.09009,0.13156900584795306,0.24500000000000002,0.11275329573856967,0.0851287382826201,107.85871114427606,61.45926784297147,107.85871114427606,0.5698127410475092,1.0
136,2123.0,43.646,29.866,2494.8920000000003,0.0898,0.12579415204678346,0.2607951807228916,0.10928908611835235,0.08078701915307698,119.13818796271082,66.17406205500212,119.13818796271082,0.555439554576019,1.0
137,2123.125,45.806000000000004,30.01,2510.864,0.09196,0.11645380116959063,0.2868192771084338,0.10492409019583288,0.07482983849460398,137.80274382935994,73.87122803778792,137.80274382935994,0.5360650012111666,1.0
138,2123.25,47.748000000000005,29.987,2530.383,0.09557,0.10503918128654982,0.3102168674698796,0.10041626986038836,0.0692654491812886,159.59465991211428,81.27688715735155,159.59465991211428,0.5092707187202202,1.0
139,2123.375,49.911,29.772,2552.805,0.09939,0.09192690058479541,0.336277108433735,0.09573120481621147,0.06353899207373823,188.0283736184649,89.81670379529022,188.0283736184649,0.4776763318579807,1.0
140,2123.5,52.217,29.401,2575.438,0.1027,0.07869122807017538,0.3640602409638554,0.09148660933489763,0.0581799722954687,222.29532575217635,99.46439177594883,222.29532575217635,0.4474425696509502,1.0
141,2123.625,55.074,28.978,2595.365,0.10632,0.06703801169590656,0.39848192771084334,0.08887642379208477,0.05346077511136897,261.0556053629834,113.98549991141223,261.0556053629834,0.43663302978276103,1.0
142,2123.75,58.232,28.639,2608.806,0.10987999999999999,0.05917777777777775,0.4365301204819277,0.08824858010958603,0.0497254168019894,299.5718345542456,135.56866374590538,299.5718345542456,0.4525414211507157,1.0
143,2123.875,61.051,28.499000000000002,2613.186,0.11214,0.05661637426900576,0.47049397590361447,0.08882790506188959,0.04703491083813236,332.96714501618845,163.30954137653882,332.96714501618845,0.4904674344629375,1.0
144,2124.0,62.451,28.624000000000002,2609.761,0.11377000000000001,0.05861929824561406,0.48736144578313256,0.09049816303883812,0.046392847459512325,341.77716634227517,184.5909812996786,341.77716634227517,0.5400916137118963,1.0
145,2124.125,62.302,29.053,2603.615,0.11475999999999999,0.06221345029239779,0.485566265060241,0.09230485089442658,0.04748472919867742,326.9997836745281,191.67551839129814,326.9997836745281,0.5861640525795517,1.0
146,2124.25,60.731,29.763,2596.157,0.11495999999999999,0.0665748538011695,0.4666385542168675,0.09393618248217002,0.050101938100038365,295.3088079161192,182.61723464950873,295.3088079161192,0.6183941343916167,1.0
147,2124.375,57.763000000000005,30.656999999999996,2590.521,0.11552,0.06987076023391801,0.43087951807228925,0.09546411246030012,0.05433058169020718,253.17203111623334,158.6543478453786,253.17203111623334,0.6266661729807709,1.0
148,2124.5,53.512,31.558000000000003,2586.857,0.11487,0.07201345029239768,0.37966265060240967,0.09586723612114732,0.05947002714946546,213.2227499339221,126.88569386051763,213.2227499339221,0.5950851581261362,1.0
149,2124.625,49.228,32.27,2583.689,0.11263,0.07386608187134512,0.3280481927710844,0.09524104931967166,0.06399739521273166,185.4776710081345,102.02860633444253,185.4776710081345,0.5500856560246966,1.0
150,2124.75,46.073,32.664,2585.982,0.11007,0.07252514619883042,0.2900361445783133,0.09320756871403128,0.06617400483869544,174.05796600351405,87.41562284912024,174.05796600351405,0.5022213280796088,1.0
151,2124.875,44.36,32.751999999999995,2595.024,0.10840999999999999,0.06723742690058486,0.2693975903614458,0.09020421186455621,0.06590341454779143,175.41832447991553,80.21831045008184,175.41832447991553,0.4572972104705425,1.0
152,2125.0,44.05,32.592,2605.946,0.10792,0.06085029239766087,0.2656626506024096,0.08760560622722961,0.06433206866927284,183.648640609316,78.26615813456634,183.648640609316,0.42617335949175605,1.0
153,2125.125,44.519,32.325,2612.845,0.10883,0.056815789473684326,0.27131325301204817,0.0868101458169436,0.06325740276089839,189.62186884854427,79.00519906061179,189.62186884854427,0.41664603107416487,1.0
154,2125.25,44.848,32.077,2608.234,0.10980000000000001,0.05951228070175443,0.27527710843373493,0.08831124377542311,0.06400117994673797,185.45683180734034,79.25032795648532,185.45683180734034,0.42732493154425066,1.0
155,2125.375,45.013999999999996,31.926,2590.965,0.10937999999999999,0.06961111111111103,0.2772771084337349,0.091677944976214,0.06625774948606233,173.64021183652858,79.25366028262953,173.64021183652858,0.4564245772588777,1.0
156,2125.5,45.25,31.871,2574.962,0.10715999999999999,0.07896959064327486,0.28012048192771083,0.09412614367529991,0.06775948294697795,166.40134856448603,79.97031453453079,166.40134856448603,0.4805869376926332,1.0
157,2125.625,45.818999999999996,31.91,2564.646,0.10398,0.08500233918128644,0.2869759036144578,0.09496641002557289,0.067713338695463,166.61686826634437,82.55040343949979,166.61686826634437,0.4954504564780281,1.0
158,2125.75,46.397,31.999000000000002,2554.981,0.10062999999999998,0.09065438596491215,0.29393975903614455,0.09577216347842221,0.06762091682320455,167.04981382764169,85.55700840031808,167.04981382764169,0.5121646438265051,1.0
159,2125.875,46.371,32.108000000000004,2547.489,0.09824,0.09503567251461986,0.2936265060240964,0.09665111652305439,0.06827178687506212,164.03691288504203,85.98878968601008,164.03691288504203,0.5242039012662443,1.0
160,2126.0,45.053999999999995,32.188,2542.09,0.09763999999999999,0.09819298245614026,0.27775903614457825,0.09791688159768944,0.07071958294283243,153.41738906160717,80.59473782315499,153.41738906160717,0.5253298750299479,1.0
161,2126.125,42.836999999999996,32.232,2539.298,0.09917999999999999,0.09982573099415218,0.2510481927710843,0.09950338931040699,0.07452324324943169,138.88190996243787,72.27976345208026,138.88190996243787,0.5204404480873651,1.0
162,2126.25,40.54,32.279,2540.5879999999997,0.10222000000000002,0.09907134502923992,0.22337349397590361,0.10065798479480578,0.07817365903461664,126.81924506052911,64.99449664625946,126.81924506052911,0.5124971104759255,1.0
163,2126.375,39.525,32.376,2543.11,0.10549000000000001,0.0975964912280701,0.211144578313253,0.10161991733914855,0.08016342274434639,120.9052393531634,62.35459390880825,120.9052393531634,0.5157311150650047,1.0
164,2126.5,40.183,32.535,2541.759,0.10844000000000001,0.09838654970760233,0.2190722891566265,0.10353537261092585,0.08085364152436604,118.95173725979771,64.73030353270498,118.95173725979771,0.5441728302910795,1.0
165,2126.625,41.803000000000004,32.696,2537.09,0.11010999999999999,0.1011169590643274,0.2385903614457832,0.10570915643977313,0.08048797059667882,119.98063139108599,70.40123133859689,119.98063139108599,0.5867716357410949,1.0
166,2126.75,43.062,32.707,2531.732,0.11134000000000001,0.10425029239766083,0.2537590361445783,0.10785341687910907,0.08048463776696696,119.99007141223376,74.91943697275765,119.99007141223376,0.6243803015615101,1.0
167,2126.875,43.083999999999996,32.431,2525.286,0.11329,0.10801988304093564,0.25402409638554213,0.1106863117828429,0.08256932144995785,114.29952888821386,73.92541897287697,114.29952888821386,0.6467692359885123,1.0
168,2127.0,41.826,31.842,2518.26,0.1158,0.1121286549707601,0.23886746987951807,0.11397911051054874,0.08675320876377597,104.05368388837009,67.50861343313547,104.05368388837009,0.6487863851659441,1.0
169,2127.125,40.516,31.024,2509.548,0.11867000000000001,0.11722339181286563,0.22308433734939756,0.11794891370443522,0.09163635844960001,93.77155922942718,61.06302628207805,93.77155922942718,0.6511891962111619,1.0
170,2127.25,39.861,30.125,2503.244,0.12061,0.12090994152046776,0.21519277108433732,0.12076006388389113,0.09477337110039499,87.96217820941054,56.794140702580556,87.96217820941054,0.6456654650749031,1.0
171,2127.375,40.103,29.305999999999997,2502.14,0.11914999999999999,0.12155555555555562,0.21810843373493977,0.12035878776894475,0.09410752108242419,89.14844371995103,55.086105010859484,89.14844371995103,0.6179143764293381,1.0
172,2127.5,41.04,28.638,2506.802,0.11657999999999999,0.1188292397660818,0.22939759036144577,0.11770999240375678,0.09070760378487089,95.60420196995688,55.34135071196954,95.60420196995688,0.5788589787022151,1.0
173,2127.625,42.321999999999996,28.128,2510.034,0.11520999999999999,0.11693918128654965,0.24484337349397586,0.11607781058403997,0.08765692785284888,102.0248895252853,56.81045142183176,102.0248895252853,0.556829335333435,1.0
174,2127.75,43.45399999999999,27.732,2511.512,0.11449000000000002,0.1160748538011695,0.2584819277108433,0.11528515035546183,0.08548602245514765,107.0038219812528,58.29114279704059,107.0038219812528,0.544757577044802,1.0
175,2127.875,44.083999999999996,27.410999999999998,2510.354,0.11376,0.11675204678362584,0.26607228915662645,0.11526573217605907,0.08459671495466041,109.1511591304106,58.78534483258444,109.1511591304106,0.538568214033801,1.0
176,2128.0,43.83,27.123,2508.578,0.1133,0.11779064327485382,0.2630120481927711,0.11556713556003684,0.08517158653261991,107.75563721117666,57.20748304763524,107.75563721117666,0.5309001415445349,1.0
177,2128.125,42.794,26.872,2507.798,0.11287000000000001,0.11824678362573113,0.2505301204819277,0.1155896594376644,0.08663096813228136,104.33282843184733,54.047843771942155,104.33282843184733,0.5180329584110478,1.0
178,2128.25,41.922,26.678,2509.657,0.11412000000000001,0.11715964912280692,0.24002409638554215,0.11564981146240412,0.08789106996898226,101.50909879810784,51.63592168539463,101.50909879810784,0.5086826924559115,1.0
179,2128.375,42.181999999999995,26.543000000000003,2511.144,0.11625,0.11629005847953229,0.24315662650602404,0.11627003096493317,0.08799820247174905,101.27442315282903,51.78051051135885,101.27442315282903,0.5112891182131842,1.0
180,2128.5,43.098,26.461,2512.544,0.11765999999999999,0.11547134502923984,0.25419277108433735,0.11657080921667685,0.08693935219434615,103.63079749818614,53.45818675115186,103.63079749818614,0.5158523145794333,1.0
181,2128.625,44.066,26.398000000000003,2512.281,0.11885,0.11562514619883044,0.26585542168674703,0.11724866083137349,0.0860774686638423,105.61119940241151,55.39614454281914,105.61119940241151,0.5245290732069294,1.0
182,2128.75,44.611000000000004,26.324,2510.83,0.12145999999999998,0.11647368421052635,0.272421686746988,0.11899296347594132,0.08657669965480265,104.45712057469973,56.40492963082928,104.45712057469973,0.5399816625281452,1.0
183,2128.875,44.368,26.226999999999997,2504.3089999999997,0.12532,0.12028713450292412,0.26949397590361446,0.12282934732164899,0.08972757815429183,97.59795164628531,55.52514940165646,97.59795164628531,0.5689171592749285,1.0
184,2129.0,43.582,26.134,2497.897,0.12912,0.1240368421052632,0.2600240963855422,0.1266039347718822,0.0936838610339694,89.91598697122926,53.492802145146726,89.91598697122926,0.5949198128944857,1.0
185,2129.125,42.467,26.09,2490.44,0.13171,0.12839766081871343,0.2465903614457831,0.1300643752218827,0.09799175392469867,82.55433645225786,51.051257618875496,82.55433645225786,0.6183958325241828,1.0
186,2129.25,40.622,26.155,2484.482,0.13107000000000002,0.13188187134502927,0.22436144578313252,0.13147656233996016,0.10197829072677055,76.53063485474826,47.7229232679915,76.53063485474826,0.6235793464743561,1.0
187,2129.375,39.226,26.343000000000004,2482.277,0.129,0.13317134502923975,0.2075421686746988,0.13110226378079215,0.10389301563756413,73.87303302832946,45.74801553249783,73.87303302832946,0.6192789663171674,1.0
188,2129.5,39.281,26.585,2487.794,0.12560000000000002,0.12994502923976617,0.20820481927710843,0.12779098290592278,0.10118428440475108,77.67570026813044,46.42363306246488,77.67570026813044,0.5976596657927014,1.0
189,2129.625,40.797,26.743000000000002,2497.531,0.12176999999999999,0.12425087719298249,0.22646987951807226,0.12301669273563164,0.09515711715308142,87.2894134009404,49.58959836814804,87.2894134009404,0.5681055289072866,1.0
190,2129.75,42.494,26.714000000000002,2506.426,0.11819,0.11904912280701758,0.2469156626506024,0.1186203391942553,0.08933111953826653,98.42257520851513,52.929072697704946,98.42257520851513,0.5377737026852935,1.0
191,2129.875,43.195,26.4,2509.206,0.11554,0.11742339181286542,0.2553614457831325,0.11648550241304217,0.08673959610407314,104.08471285577085,53.48049181763539,104.08471285577085,0.5138169703339892,1.0
192,2130.0,42.479,25.733,2506.048,0.11399000000000001,0.11927017543859662,0.24673493975903613,0.11665996496046452,0.08787587553365303,101.54244967546711,50.051310070943494,101.54244967546711,0.4929102087935545,1.0
193,2130.125,41.426,24.835,2501.131,0.11380999999999998,0.12214561403508781,0.23404819277108435,0.11805140221108905,0.09042168486949126,96.17940125759836,45.70771379973964,96.17940125759836,0.47523391913534757,1.0
194,2130.25,40.875,23.74,2499.696,0.11481,0.12298479532163747,0.22740963855421686,0.11896763421264009,0.09191324751669333,93.2355611476245,42.08913920392898,93.2355611476245,0.4514279603818457,1.0
195,2130.375,41.515,22.664,2504.228,0.11652000000000001,0.12033450292397657,0.23512048192771084,0.11844260845228066,0.09059432527220528,95.83146113855994,40.39308448483086,95.83146113855994,0.421501289920099,1.0
196,2130.5,43.103,21.837,2517.143,0.11823,0.11278187134502922,0.2542530120481928,0.11553805304765769,0.08616215505410685,105.41406223568458,40.53474328390628,105.41406223568458,0.3845288040724469,1.0
197,2130.625,45.848,21.3,2545.355,0.11968,0.09628362573099414,0.28732530120481925,0.10861362479888552,0.07740618233859851,129.21896779878796,43.065520134246796,129.21896779878796,0.333275531199923,1.0
198,2130.75,48.886,20.929000000000002,2588.739,0.12304999999999999,0.07091286549707601,0.3239277108433735,0.100423943840616,0.06789384559846175,165.77621669673076,46.831374147483444,165.77621669673076,0.28249754446475434,1.0
199,2130.875,50.442,20.656999999999996,2633.2790000000005,0.12775,0.04486608187134476,0.3426746987951807,0.09574191298090458,0.0629335817880987,191.4799676315526,48.64165864373953,191.4799676315526,0.25403001288017885,1.0
200,2131.0,48.852,20.275,2666.423,0.12939,0.025483625730994285,0.3235180722891566,0.0932501669714253,0.0630820527121878,190.62460103178788,44.59782780700785,190.62460103178788,0.23395630766236136,1.0
201,2131.125,44.975,19.523,2678.816,0.12476,0.018236257309941634,0.2768072289156627,0.08915609536278044,0.06447704366446862,182.8648688246939,36.99063770006298,182.8648688246939,0.20228400314291425,1.0
202,2131.25,41.29600000000001,18.262,2678.363,0.11664000000000002,0.018501169590643376,0.23248192771084344,0.0835080321772156,0.06409392387731738,184.94728723694078,30.205598223629416,184.94728723694078,0.1633200393198103,1.0
203,2131.375,40.691,16.639,2675.991,0.11004000000000001,0.01988830409356726,0.22519277108433738,0.07907068432648794,0.06126453781147124,201.5127794218258,26.425885620974103,201.5127794218258,0.13113751741598936,1.0
204,2131.5,43.31,15.02,2666.546,0.1081,0.025411695906432854,0.2567469879518073,0.07852185774942229,0.05836160728387784,220.982680182581,25.03578663267004,220.982680182581,0.11329298120551752,1.0
205,2131.625,47.04,13.633,2643.651,0.11002,0.03880058479532173,0.3016867469879518,0.08249207774222611,0.05760531115589669,226.52763926325133,24.57685977656827,226.52763926325133,0.10849386792932193,1.0
206,2131.75,49.651,12.54,2618.445,0.11452,0.05354093567251452,0.33314457831325306,0.08939088933635334,0.059610799203347234,212.26706036848864,23.769737863982225,212.26706036848864,0.11198034128667322,1.0
207,2131.875,51.687,11.743,2604.4,0.12145999999999998,0.06175438596491223,0.3576746987951807,0.09634867872966227,0.06188719408571669,197.67807083779545,23.14204441720809,197.67807083779545,0.11706935584269877,1.0
208,2132.0,53.783,11.200999999999999,2607.399,0.13045,0.0600005847953217,0.3829277108433735,0.10153145491861276,0.0626522473080312,193.11693420496158,23.107433425805414,193.11693420496158,0.11965513806925243,1.0
209,2132.125,55.56399999999999,10.819,2619.947,0.13774,0.05266257309941514,0.4043855421686746,0.10427284930760079,0.06210641660687414,196.35442948874748,23.250546782341445,196.35442948874748,0.1184111142431542,1.0
210,2132.25,56.42100000000001,10.504000000000001,2633.55,0.13906,0.04470760233918118,0.41471084337349406,0.10328710787634232,0.06045282425933533,206.68476675601528,22.944036744788047,206.68476675601528,0.11100981027727479,1.0
211,2132.375,56.365,10.227,2639.5879999999997,0.13536,0.04117660818713466,0.4140361445783133,0.10004459671015924,0.058622517602392704,219.11772750289822,22.140910588913016,219.11772750289822,0.1010457293493981,1.0
212,2132.5,56.695,10.046,2638.9109999999996,0.13144,0.041572514619883275,0.4180120481927711,0.09748011995227644,0.056732255352948346,233.19697199071018,21.84913236987683,233.19697199071018,0.09369389397880874,1.0
213,2132.625,59.367,9.993,2635.2670000000003,0.13122,0.04370350877192966,0.4502048192771084,0.09779745671278506,0.05376857038764483,258.2235634005963,23.45105286090227,258.2235634005963,0.0908168586633644,1.0
214,2132.75,64.135,10.111,2636.4309999999996,0.13473,0.0430228070175441,0.5076506024096387,0.10000783675209868,0.04923879817921098,305.2220157235894,27.626325538237396,305.2220157235894,0.09051223081907675,1.0
215,2132.875,68.962,10.423,2639.595,0.13901,0.04117251461988316,0.5658072289156627,0.1025157452787729,0.04451159552236647,369.74387840363784,34.04405051724271,369.74387840363784,0.09207468333005878,1.0
216,2133.0,71.956,10.94,2645.413,0.1426,0.03777017543859648,0.6018795180722892,0.10431046484572475,0.04152813253448347,421.84162995222,40.96641287848403,421.84162995222,0.09711325286488226,1.0
217,2133.125,72.664,11.626,2651.428,0.14437,0.03425263157894744,0.6104096385542169,0.10491887263520111,0.04087538151243208,434.7329353062475,46.25393714971606,434.7329353062475,0.10639621108332288,1.0
218,2133.25,71.32,12.390999999999998,2656.79,0.14536,0.031116959064327508,0.5942168674698795,0.10511373540458695,0.04265338082441553,400.94834533519196,48.327725516439244,400.94834533519196,0.12053354522772096,1.0
219,2133.375,69.597,13.095,2658.664,0.14508,0.030021052631578823,0.5734578313253011,0.10476036941780041,0.044684715162631186,367.02691350493336,49.15766873125355,367.02691350493336,0.13393477950110272,1.0
220,2133.5,69.24600000000001,13.669,2660.4590000000003,0.14329,0.0289713450292396,0.5692289156626508,0.10337156991359676,0.044529483261334185,369.46172592346744,51.93702494651793,369.46172592346744,0.1405748452473707,1.0
221,2133.625,70.607,14.074000000000002,2665.741,0.1406,0.025882456140350885,0.5856265060240964,0.10108971643015226,0.0418888990021955,414.96551157279083,57.77315536589463,414.96551157279083,0.1392239927287557,1.0
222,2133.75,73.875,14.294,2673.908,0.13892000000000002,0.02110643274853807,0.625,0.09935856254839984,0.03725946095564994,518.3827266283503,68.88934071312924,518.3827266283503,0.13289281678268347,1.0
223,2133.875,78.126,14.407,2685.586,0.13869,0.014277192982456267,0.6762168674698795,0.09858690161339462,0.0319207758308237,695.4412820762784,86.75559495340882,695.4412820762784,0.12474898627587248,1.0
224,2134.0,81.488,14.446,2693.3579999999997,0.14025,0.009732163742690222,0.716722891566265,0.09941020448403308,0.028160635275043207,882.4281403097459,105.7326002965548,882.4281403097459,0.11982006858874766,1.0
225,2134.125,83.389,14.427,2689.677,0.14277,0.011884795321637349,0.7396265060240963,0.10130281649548845,0.02637656828053014,999.2755169354031,118.78323575085992,999.2755169354031,0.11886935458515643,1.0
226,2134.25,84.12,14.415,2676.303,0.14554,0.019705847953216442,0.7484337349397591,0.10385136504532641,0.026125500025860424,1017.6003284504355,124.4142159434257,1017.6003284504355,0.12226235828056296,1.0
227,2134.375,83.37899999999999,14.450999999999999,2659.1929999999998,0.14916,0.02971169590643289,0.7395060240963854,0.10754415482404503,0.02801460447530938,891.1882647152368,119.13024335824231,891.1882647152368,0.1336757316887563,1.0
228,2134.5,82.0,14.645999999999999,2645.442,0.15422,0.037753216374269004,0.7228915662650602,0.11227001769529203,0.031110968758936347,730.2377562827804,112.3033995009049,730.2377562827804,0.15379018481949877,1.0
229,2134.625,80.615,15.093,2638.848,0.15805999999999998,0.04160935672514622,0.7062048192771083,0.11557314170489713,0.03395483205390262,618.4249252394227,109.99067672615654,618.4249252394227,0.17785615074226468,1.0
230,2134.75,78.355,15.749,2641.594,0.15791,0.0400035087719298,0.6789759036144579,0.11518647666732815,0.03697763458796335,525.9151234363229,105.4252328553708,525.9151234363229,0.20046054611725866,1.0
231,2134.875,75.95100000000001,16.521,2654.337,0.15232,0.0325514619883041,0.6500120481927711,0.11013850388845858,0.03854714939103413,485.97585528512775,101.94085449560214,485.97585528512775,0.2097652658809402,1.0
232,2135.0,74.362,17.337,2668.5820000000003,0.14395999999999998,0.02422105263157875,0.630867469879518,0.10322582281237022,0.038104009148498784,496.7704127762469,103.64930281780556,496.7704127762469,0.2086462884102778,1.0
